id_requisito,tipo,prioridad_moscow,historia_usuario,caso_de_uso,modulo_codigo,endpoint_api,prueba_automatizada,tipo_acceso,evidencia_empirica,estado
REQ-F-001,funcional,Must,HU-001,CU-01,AuthController/AuthService,POST /api/auth/registro,AuthControllerTest,CRUD-ORM,,verificado
REQ-F-002,funcional,Must,HU-001,CU-01,GlobalExceptionHandler,POST /api/auth/registro (409),AuthControllerTest,CRUD-ORM,,verificado
REQ-F-003,funcional,Must,HU-002,CU-02,AuthController/JwtService,POST /api/auth/login,AuthControllerTest + JwtServiceTest,CRUD-ORM,,verificado
REQ-F-004,funcional,Must,HU-003,CU-03,AuthController/AuthService,POST /api/auth/refresh,AuthControllerTest,CRUD-ORM,,verificado
REQ-F-005,funcional,Must,HU-004,CU-04,AuthController/TokenBlacklistService,POST /api/auth/logout,AuthControllerTest,CRUD-ORM,,verificado
REQ-F-006,funcional,Must,HU-005,CU-05,SecurityConfig/MascotaController,@PreAuthorize en /api/mascotas/**,MascotaControllerTest,CRUD-ORM,"docs/mediciones/sec/A01-access-control.md (raw/A01-access-control.txt). El enunciado se amplio en la revision 2026-09-11 para incluir el aislamiento de datos por propietario: ConsultaService.listar() devuelve findAllByActivoTrue(pageable) tambien para ROLE_DUENO, por lo que el criterio de aislamiento no se cumple en GET /api/consultas. Ver REQ-NF-015.",implementado
REQ-F-007,funcional,Should,HU-006,CU-06,UsuarioController/AuthService,GET /api/usuarios/me,UsuarioControllerTest,CRUD-ORM,,verificado
REQ-F-008,funcional,Must,HU-007,CU-07,MascotaController/MascotaService,POST /api/mascotas,MascotaControllerTest,CRUD-ORM,,verificado
REQ-F-009,funcional,Must,HU-008,CU-08,MascotaController/MascotaService,GET /api/mascotas,MascotaControllerTest,CRUD-ORM,,verificado
REQ-F-010,funcional,Must,HU-009,CU-09,MascotaController/MascotaService,GET /api/mascotas/{id},MascotaControllerTest,CRUD-ORM,,verificado
REQ-F-011,funcional,Must,HU-010,CU-10,MascotaController/MascotaService,PUT /api/mascotas/{id},MascotaControllerTest,CRUD-ORM,,verificado
REQ-F-012,funcional,Must,HU-011,CU-11,MascotaController/MascotaService,DELETE /api/mascotas/{id},MascotaControllerTest,CRUD-ORM,,verificado
REQ-F-013,funcional,Should,HU-012,CU-12,ConsultaController/ConsultaService,GET /api/consultas; GET /api/consultas/{id}; POST /api/consultas; PUT /api/consultas/{id}; DELETE /api/consultas/{id},ConsultaControllerTest,CRUD-ORM,"Requisito con dos obligaciones, sin identificadores adicionales. Obligacion A (CRUD de consultas medicas): ConsultaControllerTest cubre GET/{id}, POST y DELETE; GET (listado) y PUT no tienen prueba dedicada; ademas ConsultaService.listar() no filtra por propietario para ROLE_DUENO, por lo que el criterio A6 de aislamiento FALLA. Obligacion B (historial clinico consolidado): fn_historial_clinico_mascota y ProcedimientoBiopetRepository.historialClinicoMascota existen y estan probados, pero ningun controlador los expone. El requisito no esta cumplido.",implementado
REQ-F-014,funcional,Could,HU-013,CU-13,,,,,,pendiente
REQ-F-015,funcional,Should,HU-014,CU-14,CitaController/CitaService,GET /api/citas; GET /api/citas/{id}; POST /api/citas; PUT /api/citas/{id}; DELETE /api/citas/{id},CitaControllerTest,CRUD-ORM,"Requisito con dos obligaciones, sin identificadores adicionales. Obligacion A (gestion de citas por API): cubierta y probada por CitaControllerTest en las 5 operaciones, incluido el filtrado por propietario para ROLE_DUENO y la regla de que ROLE_VETERINARIO solo actualiza sus propias citas; procedimiento asociado sp_actualizar_estado_citas_masivas. Obligacion B (calendario interactivo, RF-06): NO implementada, no existe componente en frontend/src/app/features/. El requisito no esta cumplido.",implementado
REQ-F-016,funcional,Could,HU-015,CU-15,,,,,,pendiente
REQ-F-017,funcional,Could,HU-016,CU-16,,,,,,pendiente
REQ-F-018,funcional,Should,HU-017,CU-17,,,,,,pendiente
REQ-F-019,funcional,Could,HU-018,CU-18,,,,,,pendiente
REQ-F-020,funcional,Should,HU-019,CU-19,AuthenticationAuditService,,AuthenticationAuditServiceTest,,"Cubierto parcialmente por REQ-NF-009: los eventos de autenticacion (login exitoso/fallido, rate limit, refresh, logout, token revocado) ya se registran y estan probados por AuthenticationAuditServiceTest (10 pruebas). Falta la auditoria generica de operaciones CRUD sobre mascotas, citas, consultas, vacunas y usuarios: no existe interceptor ni aspecto que la implemente.",implementado
REQ-F-021,funcional,Should,HU-020,CU-20,MascotaController/MascotaRepository,GET /api/mascotas/resumen-especies,ResumenEspeciesIntegrationTest,SP,,verificado
REQ-F-022,funcional,Could,HU-021,CU-21,,,,,,pendiente
REQ-F-023,funcional,Should,HU-022,CU-22,UsuarioController/UsuarioService,GET /api/usuarios; GET /api/usuarios/{id}; POST /api/usuarios; PUT /api/usuarios/{id}; DELETE /api/usuarios/{id},UsuarioControllerTest,CRUD-ORM,Incluye regla: ADMIN no puede escalar su propio rol; no incluye GET /api/usuarios/me (ese endpoint pertenece a REQ-F-007/HU-006/CU-06),verificado
REQ-F-024,funcional,Should,HU-023,CU-23,VacunaController/VacunaService,GET /api/vacunas; GET /api/vacunas/mascota/{mascotaId}; GET /api/vacunas/{id}; POST /api/vacunas; PUT /api/vacunas/{id}; DELETE /api/vacunas/{id},VacunaControllerTest,CRUD-ORM,VacunaControllerTest cubre 5 de 6 operaciones (no cubre GET /api/vacunas/mascota/{mascotaId}); colección Postman docs/postman/BIOPET-Vacunas.postman_collection.json (12 requests ejecutables con Newman),verificado
REQ-F-025,funcional,Could,HU-024,CU-24,ExternalApiController/ExternalApiService/ExternalApiClient,GET /api/externa/especies,ExternalApiServiceTest (6 pruebas en Backend/src/test/java/com/biopet/integration/),HTTP-EXTERNO,docs/u4/evidencias/fred/redis-cache-comparacion.md (comparacion real cache-miss vs cache-hit),verificado
REQ-F-026,funcional,Should,,,,,"Prevista: pruebas de controlador con MockMvc (respuesta uniforme para correo existente e inexistente, token de un solo uso, revocacion de sesiones previas, token usado/expirado, rate limit) - no implementada",,Requisito nuevo de la revision 2026-09-11. No existe implementacion: la busqueda de recuperar|reset|forgot|olvid sobre Backend/src y frontend/src no devuelve coincidencias. Hoy la unica via de restablecimiento es que un ROLE_ADMIN sobrescriba la contrasena via PUT /api/usuarios/{id}. Historia y caso de uso por crear.,pendiente
REQ-NF-001,no funcional,Must,,,Cache Redis (listado mascotas),GET /api/mascotas,"k6 v2.1.0 (10 corridas: 5 en frio + 5 en caliente; 2026-09-03, tag v1.0.0)",CRUD-ORM,docs/mediciones/perf/REPORT.md (p95 caliente maximo 15.06ms < 200ms; p95 frio maximo 18.56ms < 500ms; error 0.0% en todas las corridas),verificado
REQ-NF-002,no funcional,Must,,,SecurityConfig/TomcatDualConnectorConfig,N/A,SecurityHeadersTest.peticionHttpNoIncluyeHsts + AuthControllerTest.loginExitoso,seguridad,docs/mediciones/sec/A02-cryptography-tls.md (raw/A02-tls.txt: TLSv1.3 TLS_AES_256_GCM_SHA384),verificado
REQ-NF-003,no funcional,Must,,,JwtService,N/A,JwtServiceTest.tokenExpiradoEsRechazado,seguridad,application.yml: JWT_EXPIRATION_MS (default 3600000 = 1h) y JWT_REFRESH_EXPIRATION_MS (default 604800000 = 7d) configurables por variable de entorno,verificado
REQ-NF-004,no funcional,Must,,,JwtService,N/A,JwtServiceTest (accessTokenContieneLosSieteClaims + refreshTokenContieneLosSieteClaims + nbfEsIgualAIat + jtiEsUnicoEntreTokens + issuerIncorrectoEsRechazado + audienceIncorrectaEsRechazada),seguridad,Verifica los 7 claims RFC 7519 (iss/sub/aud/exp/nbf/iat/jti) en JwtService.buildToken,verificado
REQ-NF-005,no funcional,Must,,,Frontend Angular (styles.css),N/A,"FrontendResponsivenessTest (7 pruebas: viewport, doctype, CSS media queries, Angular bootstrap)",,"frontend/dist/biopet-frontend/browser/index.html (viewport meta tag, media queries en styles-*.css, app-root); verificado por build reproducible",verificado
REQ-NF-006,no funcional,Should,,,Frontend Angular,N/A,"Prevista: ejecucion manual exploratoria en Chrome, Firefox y Edge (no ejecutada)",,"Sin evidencia archivada de ejecucion de los flujos criticos en Chrome, Firefox y Edge: ni capturas, ni matriz de resultados, ni corrida automatizada. El repositorio tampoco contiene configuracion especifica de compatibilidad (no hay archivo browserslist propio en frontend/): aplica el objetivo por defecto de Angular 17. Ningun criterio de aceptacion tiene artefacto.",pendiente
REQ-NF-007,no funcional,Must,,,Makefile/docker-compose.yml,N/A,"HealthCheckTest (5 pruebas: /actuator/health UP, estructura JSON, content-type, sin auth, cabeceras seguridad)",,"HealthCheckTest (5 pruebas) verifica que /actuator/health responde 200 con status UP, sin autenticacion, con content-type correcto y con las cabeceras de seguridad. No existe registro fechado de sondeos periodicos que permita calcular un porcentaje de disponibilidad sobre una ventana de evaluacion; por eso no se declara ninguna cifra de disponibilidad historica. El compromiso academico de operatividad durante las semanas de evaluacion pasa a la seccion 2.5 del SRS como restriccion operacional.",implementado
REQ-NF-008,no funcional,Must,,,SecurityConfig (BCryptPasswordEncoder),N/A,AuthControllerTest (registro/login exitoso),CRUD-ORM,"db/seed.sql (hash BCrypt real del usuario admin, prefijo $2b$12$); SecurityConfig.passwordEncoder() = BCryptPasswordEncoder(12)",verificado
REQ-NF-009,no funcional,Must,,,Logging de autenticacion,N/A,AuthenticationAuditServiceTest (10 pruebas) + AuthControllerTest,logging,docs/mediciones/sec/A09-logging.md (raw/A09-audit-logs.txt); sin integracion SIEM centralizada (ver Limitacion actual del documento),verificado
REQ-NF-010,no funcional,Must,,,LoginRateLimiterService,POST /api/auth/login,LoginRateLimiterServiceTest + AuthControllerTest.sextoIntentoFallidoDevuelve429ProblemDetail,seguridad,docs/mediciones/sec/A07-authentication.md (raw/A07-auth-rate-limit.txt),verificado
REQ-NF-011,no funcional,Must,,,Estructura de paquetes backend (controller/service/repository/entity),N/A,Revision de codigo,revision,,verificado
REQ-NF-012,no funcional,Should,,,Cache Redis (listado mascotas) - TTL configurable,GET /api/mascotas,Inspeccion de configuracion + medicion Redis,CRUD-ORM,"Requisito con dos obligaciones, sin identificadores adicionales. Obligacion A (TTL configurable): application.yml spring.cache.redis.time-to-live=${CACHE_TTL_MS:300000}; docs/mediciones/redis/ con ttl-cache-mascotas.txt, keys-mascotas.txt, dbsize-durante-carga.txt y config-maxmemory.txt; clave de cache por usuario y pagina, probada por dosDuenosConMismaPaginaNoComparenResultadosDeCache. Obligacion B (medicion de hit ratio): NO existe ninguna medicion de keyspace_hits/keyspace_misses en el repositorio. El requisito no esta cumplido.",implementado
REQ-NF-013,no funcional,Must,,,MascotaRepository (fn_resumen_mascotas_por_especie),GET /api/mascotas/resumen-especies,ResumenEspeciesIntegrationTest,SP,docs/basedatos/CATALOGO-SP.md,verificado
REQ-NF-014,no funcional,Must,,,TokenBlacklistService/JwtAuthenticationFilter/configuracion de cache Redis,N/A,Prevista: prueba de integracion con Redis no disponible (503 ProblemDetail en la verificacion de revocacion y en logout; degradacion de la cache a consulta directa a PostgreSQL) - no implementada,seguridad,"Requisito nuevo de la revision 2026-09-11. Comportamiento real verificado en codigo: TokenBlacklistService.isRevoked invoca redisTemplate.hasKey sin try; con Redis caido lanza RedisConnectionFailureException, que no captura el catch (JwtException | IllegalArgumentException) de JwtAuthenticationFilter ni alcanza GlobalExceptionHandler (un RestControllerAdvice no cubre la cadena de filtros): el resultado es un 500 del contenedor sin ProblemDetail. No hay CacheErrorHandler registrado. No es fail-open ni fail-closed deliberado: es un fallo no controlado.",pendiente
REQ-NF-015,no funcional,Must,,,MascotaService/CitaService/VacunaService/ConsultaService,GET /api/mascotas; GET /api/citas; GET /api/consultas; GET /api/vacunas (y sus variantes por id),"MascotaControllerTest (duenoSoloVeSusPropiasMascotasEnListado, duenoConsultaMascotaDeOtroDuenioDevuelve403, dosDuenosConMismaPaginaNoComparenResultadosDeCache) + CitaControllerTest (duenoSoloVeSusPropiasCitasEnListado, duenoNoPuedeConsultarCitaDeMascotaAjena) + VacunaControllerTest (duenoSoloVeVacunasDeSusPropiasMascotas, duenoConsultaVacunaDeMascotaAjenaDevuelve403) + ConsultaControllerTest (duenoDeOtraMascotaNoPuedeVerConsultaAjena)",seguridad,"Requisito transversal nuevo de la revision 2026-09-11. docs/mediciones/sec/A01-access-control.md con raw/A01-access-control.txt (intento real de acceso cruzado entre dos duenos sobre TLS, respuesta 403 ProblemDetail). INCUMPLIMIENTO ABIERTO: ConsultaService.listar() devuelve findAllByActivoTrue(pageable) tambien para ROLE_DUENO y ConsultaRepository no declara findAllByMascota_Duenio_IdAndActivoTrue, que si existe en CitaRepository y VacunaRepository. Requiere cambio de codigo de backend.",implementado
REQ-NF-016,no funcional,Must,,,RegistroRequest/UsuarioRequest/UsuarioService/SecurityConfig,POST /api/auth/registro; POST /api/usuarios; PUT /api/usuarios/{id},"AuthControllerTest.registroConCamposInvalidos + UsuarioControllerTest (crearUsuarioConCamposInvalidosDevuelve422, crearUsuarioSinPasswordDevuelve400, actualizarUsuarioDevuelve200)",seguridad,"Politica real implementada: @Size(min=8, max=80) en RegistroRequest y UsuarioRequest, BCryptPasswordEncoder(12) y ningun DTO de respuesta con campo de contrasena. Probadas: longitud minima en registro publico y en creacion administrativa, contrasena obligatoria al crear, conservacion de la contrasena al actualizar. NO PROBADO: el limite superior de 80 caracteres no tiene ninguna prueba automatizada; solo consta en la anotacion. Sin reglas de complejidad, caducidad ni comprobacion contra listas filtradas.",implementado
REQ-NF-017,no funcional,Should,,,Procedimiento operativo documentado (pg_dump / psql),N/A,Inspeccion documental + restauracion real ejecutada (no automatizada),operacion,"Toda la evidencia pertenece a ESTE repositorio. docs/despliegue/BACKUP.md documenta el procedimiento (que se respalda, frecuencia, formato, destino, retencion, checksums). El volcado docs/despliegue/ejemplo-backup-20260817.sql (64762 bytes, UTF-16) se verifico de forma independiente: contiene las 6 tablas del esquema (usuarios, mascotas, citas, consultas, vacunas, flyway_schema_history), 6 secuencias incluida seq_ficha_biopet, 4 triggers y 7 rutinas (las 6 de db/procs/ mas set_actualizado_en), con usuarios=1 fila y el resto 0. NO RESPALDADO: la ejecucion de la restauracion del 2026-08-17 y la invocacion de fn_siguiente_numero_ficha sobre la base restaurada constan solo como narracion en BACKUP.md, sin log crudo archivado. El respaldo tampoco esta automatizado en el repositorio.",implementado
REQ-NF-018,no funcional,Should,,,"Frontend Angular (login.component.ts, mascotas.component.ts)",N/A,Lighthouse CI (lighthouserc.js declara Accessibility >= 0.90 a nivel error),,"Lectura directa de categories.accessibility.score en los 12 archivos docs/mediciones/lighthouse/lhci-20260818-0538-*.json: 91 en los 12 casos (perfiles movil y desktop x rutas /login y /mascotas x 3 corridas), sobre el umbral de 90. Umbral declarado a nivel error en lighthouserc.js (linea 47) y lighthouserc.desktop.js (linea 56). Procedencia en lhci-20260818-0538.meta.txt (2026-08-18T05:38:06Z, commit e94bb72, node v24.18.0, lhci 0.14.0). Medido contra http://localhost:4200. NO se declara conformidad WCAG en ningun nivel. La pantalla de vacunas no esta entre las rutas auditadas. Las sumas SHA256SUMS*.txt corresponden a la corrida del 2026-08-01, no a estas 12.",verificado
